run,kind,source,included_in_summary,exclusion_reason,train_targets,train_seconds,process_seconds,checkpoint_sha256,source_sha256
baseline,training,runs/baseline/metrics.json,True,,9830400,386.89641929999925,399.5002761000069,b7fdb67c8ef14b5166c0de1f17cf306f34800b41dfe97da856c9812cdb1f9701,b7a38fade9ac3558b2f39102f29209932692aed2ebd57e18c4dc570df774db1c
bigram-export-smoke-codex,bigram_export,runs/bigram-export-smoke-codex/bigram_export.json,False,smoke or duplicate legacy directory,,,7.151605099905282,0c9ad6743e127007f7de3c18b56324544c63fd62a30174de1365ec92604335a4,2f41a4377d6032e4051e602be2e9de1af1f3ff84b2eb05ee94744456103e6227
calibration-original-settings-smoke-codex,calibration,runs/calibration-original-settings-smoke-codex/calibration.json,False,smoke or duplicate legacy directory,,,10.48362809990067,181e52603c9fada73cd036ca4c4c9d359b52c18725d065533d5c5a3db9544f80,01d7621a34c83427cd8993d1d9fadd11abdd2397760109ff46100e8408585a32
gpu-smoke,training,runs/gpu-smoke/metrics.json,False,smoke or duplicate legacy directory,81920,1.3355827999766916,11.17021549999481,bca25d09b780e92f507da627aefe6a39f4e66fbac823512cdebdde5098dbe138,75141dd218074cf5cd4f3a216dfba5e25e678d8364e1259c0a9244160e53d7e2
moe4-smoke-fixed,training,runs/moe4-smoke-fixed/metrics.json,False,smoke or duplicate legacy directory,163840,2.2913766999845393,12.430662200029474,298a845fd972702c32f5469590f34ef7b34f6ec52012ae645939144624a3f932,ce95ba2dfaae22f8740d2c04a8dcd07d9afaa081fd4ddc97059a55f00c123609
mtp2-attn005-matrixwd-smoke-codex,training,runs/mtp2-attn005-matrixwd-smoke-codex/metrics.json,False,smoke or duplicate legacy directory,163840,1.5471639998722821,16.382722500013188,a882418761e72786dce311359d31506c1989da2c8e54843103ab3fd1ac3fdc4f,143489b37638c70750712cf7d9a086cd22d80629c59cc730027f88d610848afc
mtp2-ema-matrix-decay-smoke-codex,training,runs/mtp2-ema-matrix-decay-smoke-codex/metrics.json,False,smoke or duplicate legacy directory,163840,1.716254899976775,16.18236429989338,a77ead77661f2067fffea32bdaf7b273f662da96c378747f2ced7e5c6974866c,ea2b944f34fe6692fb3eb2c4166b01901787d358f90abe62c3724f4a558dd419
mtp2-ema-smoke-codex,training,runs/mtp2-ema-smoke-codex/metrics.json,False,smoke or duplicate legacy directory,163840,1.7777239000424743,16.614351900003385,7634159294280cf0f0be9550ea7ae61c6eb932cdcd11184b690e82ff19569087,51f17c85e52dbce18587aaab8a05465ecd712e8e6e4161167a6b2e3950123dd3
mtp2-smoke-codex,training,runs/mtp2-smoke-codex/metrics.json,False,smoke or duplicate legacy directory,163840,1.8375582000007853,11.754682399972808,04c4664e5672bd65f87ea48058d0bad0c12660b8f112d39d4ff28d6acdcf3ded,d595c15dd4fce5bc09027c40e3da2d077ec5a8fccfde541c5d28fa6cce1ff2a6
smoke,training,runs/smoke/metrics.json,False,smoke or duplicate legacy directory,81920,3.3946935000130907,19.919848200050183,20d46126aa3021df6bd1a06b8323d28b7ba6873ed97b0e8359ff6d44d50eb3d6,b1fc66d03a998bc54baff14818dcf63b9664b7ee9390733520f8afc97533e682
smoke-student-256x6,training,runs/smoke-student-256x6/metrics.json,False,smoke or duplicate legacy directory,40960,10.956696999957785,41.86205489997519,c4f5d657579d6d00294a1e03babd4f4c320ebac1dcd973806ee2868b22305c12,54949e0470dda93b5b4d7845cc10260900ffb2c1bf3072f482de73ee6a4f6c4e
student-192x6-s1200,training,runs/student-192x6-s1200/metrics.json,True,,9830400,2711.3215135000646,2822.1176361999824,5266def85a47dfdd13e7c6b1a813cb99b95bd7ef857e87f2c38eac2ea842864c,948fcd079a997d74b6c9fec32779ba6d2edf7754110149cce94ffc4dbddafd81
student-192x6-s1200……c^c,training,runs/student-192x6-s1200……c^c/metrics.json,False,smoke or duplicate legacy directory,9830400,1020.4513946000952,1088.7529831000138,8b7b8ff4d133557bc655dde593583e7ff9e550c6a0e7ebca747fc39e1c53ce4c,bfb3ac64cfa07fc41fecf533e4a828d74ae6d7a9d927254134855c682a04c861
student-192x8-abspos-s8000,training,runs/student-192x8-abspos-s8000/metrics.json,True,,65536000,349.0966613999335,378.65308850002475,f433e4cf87fe96d43a2415df46d9370dc3343f8b31137fc8c386ed768220a915,7163effc155d863c23df8426297c99bfae3c860a410b54b1be4faa99350f266f
student-192x8-moe4-s16000,training,runs/student-192x8-moe4-s16000/metrics.json,True,,131072000,1058.0073175000725,1094.3063025000156,3695c33278fc3f5442e8cc2e0e6e0ef1a7e05b0625a414d0ce81b8ef35f877f8,fb45f7e9ad3762ed76dabb6ddd7a6993df4dd19d0f3dc1a545d0991e804bf53a
student-192x8-mtp2-attn005-ema-matrixwd-s16000,training,runs/student-192x8-mtp2-attn005-ema-matrixwd-s16000/metrics.json,True,,131072000,909.2713523998391,988.9073636000976,fc18ca95ccdbb0976355e02f2d808caf9b2e11b39ea9b37822b422fa92740f50,81b55d196bb9f8997a328d370691712123bc0e95b4778a6fdb9c24a5d4c96097
student-192x8-mtp2-ema-matrixwd-s16000,training,runs/student-192x8-mtp2-ema-matrixwd-s16000/metrics.json,True,,131072000,906.6343246996403,986.0887289000675,ca85ad7fa304ab1615d3089f440101b717bd979cc8d8360a775f1875a3fab405,3afcd94cc087ac5ad5e1b7da7e27a13331cdb087a5c1a44bda5834587a16f9c6
student-192x8-mtp2-ema-matrixwd-s24000,training,runs/student-192x8-mtp2-ema-matrixwd-s24000/metrics.json,True,,196608000,1363.0191800997127,1489.792397400015,ef850083aefc644677469ef7190a6637b8c33b689379b499074cdc429216b42c,b6ca6f714a4b10db7f062f0085dcc8307bd02600fa7d34f1cd38eaf96e79f289
student-192x8-mtp2-ema-matrixwd-s24000-calibrated,calibration,runs/student-192x8-mtp2-ema-matrixwd-s24000-calibrated/calibration.json,True,,,,10.299482299946249,964698973eaa00664e36067a75e969f6e6c55d027ee80a75eec28aaefc9a42a4,53e811d48bb0ba451659ae96b25968fa8b1dad3180d3732ebd61ceef7faf0107
student-192x8-mtp2-ema-s16000,training,runs/student-192x8-mtp2-ema-s16000/metrics.json,True,,131072000,905.0691274001729,984.6297177000088,d171bb9468304560762822b982efe90d69fc243dcd4b37668e5c51dc7d09416c,fdc5843d38e5472c218527871692638ecfa8c99d6d90802ce10c9f47d83ca82a
student-192x8-mtp2-epoch-s8000,training,runs/student-192x8-mtp2-epoch-s8000/metrics.json,True,,65536000,449.7293377998867,482.6455436000251,9979329b4dc6c3f0cf06ef62c825af1efc278553acb82df1d4ea6e941e90181a,5e88434a689623c6c4300010cd4c1b2047d2d91fe02ea49a979b46b7f71fbd0b
student-192x8-mtp2-random-s12000,training,runs/student-192x8-mtp2-random-s12000/metrics.json,True,,98304000,674.0252160001546,718.5731422999525,ced1e3fdc61f240318c4c4ea8b201815ce02bc649c26d232b21a08d58e80786d,2d45a27c1d8cffb70e8666dfb6494f74a2ca995ff91ce3099348d60f6980f190
student-192x8-mtp2-random-s16000,training,runs/student-192x8-mtp2-random-s16000/metrics.json,True,,131072000,902.1579438999761,958.4195591000025,fdd1d56c7fc3362cba008b7b4d5b9d3a8d4c0c2b0e6a7801272d84818c2bf4b9,f95be41ad750cb7f0d9569f4f4269ed9e66e6a151caa21ecb0e25a6dd258eff2
student-192x8-mtp2-s24000-temperature-refined,calibration,runs/student-192x8-mtp2-s24000-temperature-refined/calibration.json,True,,,,10.19220479996875,f0a41fd030421e32a200d6f1d4f031e7ad8fb737d114a88afdce63d6b0dde362,bd7a3980f41e2f1ab22e737a4f0b131183cb31323fc277bfe5dc8b27a007ed6b
student-192x8-mtp2-s8000,training,runs/student-192x8-mtp2-s8000/metrics.json,True,,65536000,450.0000243001268,482.7537854000111,2f196264e61710d3a0f05f402883722f2b4d1c66ec95e588160e9dbab6453231,3af63d4f9f67b5dc6f01120e5f17405b72af8544b3d94d72318f93280d73620c
student-192x8-mtp2-w01-ema-s16000,training,runs/student-192x8-mtp2-w01-ema-s16000/metrics.json,True,,131072000,905.9153391000582,986.0587628999492,36e0087f682f89c04245ecd87485e832e15dfe10e89b9955c3464276d464e4b7,f8edd0b34236ddfea857dcf288ec95c2e998691b1afde2fa40ee539351c712cd
student-192x8-mtp2-w04-ema-s16000,training,runs/student-192x8-mtp2-w04-ema-s16000/metrics.json,True,,131072000,905.5842068000929,985.1777934998972,6dde49e61136d3a100b39ddc6588e9e46dc0bbf2d811fde4acba6e8037c402dd,be2b835805cb3fff0b5f2e99913329ef3be0823067ffbe58cea00beded46a8a6
student-192x8-s8000-gpu,training,runs/student-192x8-s8000-gpu/metrics.json,True,,65536000,392.3064101000782,424.43136619997676,424a204240bbd263aba0e500c2091f03252b0c5734f336af954799694f5c3b7f,85a3e44fcd0afba939c2e9408914165b85dfb1ea8db3058371b5c81e3bb6c195
student-192x8-v2-s12000,training,runs/student-192x8-v2-s12000/metrics.json,True,,98304000,1329.1749975000275,1374.549493199971,ee7028809f94f82f70ab9954ad7191f1dccee212ecdec6766516059d36158faa,eb5a11ec93055ab7eb910cf580392a9a84ca26846ac10ce1478fe4e0feb67bf5
student-224x8-mtp2-ema-matrixwd-s24000,training,runs/student-224x8-mtp2-ema-matrixwd-s24000/metrics.json,True,,196608000,1605.7351694996469,1753.5799370000605,080b39bc23a0a680b0e900b3fea856f349f383a79998d538003877232bc05b2d,121da89bdec07d350f42c8e94736add780ceec7652e20407b320787ff5e0e17a
student-224x8-mtp2-ema-matrixwd-s24000-calibrated,calibration,runs/student-224x8-mtp2-ema-matrixwd-s24000-calibrated/calibration.json,True,,,,11.358512899954803,4fc009fdec7f1239657d53b6045a39d5e2fbcc7891cdbc3ad0b8ad5fe8da7c5a,3381e1cc52a9c49e3724bd15ae061c8a05db3a21b05cd4e915e3d8c193b97a46
student-224x8-mtp2-ema-matrixwd02-s24000,training,runs/student-224x8-mtp2-ema-matrixwd02-s24000/metrics.json,True,,196608000,1598.7695340001956,1745.699535700027,c80f02d21bd62bcaa03b7710d61697c819c28f6aa019600a701fb51433ccc9ba,978274ee73070520669cc80569bc49cac9797d61fabc11ca59592ebcc0b8099a
student-224x8-mtp2-ema-matrixwd02-s24000-calibrated,calibration,runs/student-224x8-mtp2-ema-matrixwd02-s24000-calibrated/calibration.json,True,,,,10.965227400069125,7f905edca0e692837964cfe192e4e18bea041bc097edf04480780d8abf539f56,6dd436fd7f3ccb620e32e97f7cbe6e8082222bee2d53ba607853fa59ad64366c
student-224x8-mtp2-ema-matrixwd02-s24000-calibrated,bigram_search,runs/student-224x8-mtp2-ema-matrixwd02-s24000-calibrated/bigram_search.json,True,,,,25.9846966000041,,92b3d030095aeff2c99c1e382b5bda138b14ab8e8e2705533747c579dba6aa2a
student-224x8-mtp2-ema-matrixwd03-s24000,training,runs/student-224x8-mtp2-ema-matrixwd03-s24000/metrics.json,True,,196608000,1610.224103099783,1758.7841376999859,7457c38f2848be1a61ee49ba077eef6887f7935b7b4d825e15ccdef830a1e33e,287fb41790c488d7a7eae0a37a751bb2921b5f6d095f5102577193eaa959c385
student-224x8-mtp2-ema-matrixwd03-s24000-calibrated,calibration,runs/student-224x8-mtp2-ema-matrixwd03-s24000-calibrated/calibration.json,True,,,,11.340394199942239,c3875824b64b17c5207dc6f1192db3e81e44cb787321112f5b89452d704727b2,07288dcaa530a6105e3c8f51acedfd439fa48e2bf2fc8b867d5f3428b0d27209
student-224x8-mtp2-ema-matrixwd03-s24000-calibrated,bigram_search,runs/student-224x8-mtp2-ema-matrixwd03-s24000-calibrated/bigram_search.json,True,,,,28.59840030001942,,e84d83324e2b151f3c4ae047cfce0273d5626e958875683a82127b1f7ed59405
student-224x8-mtp2-ema-matrixwd04-s24000,training,runs/student-224x8-mtp2-ema-matrixwd04-s24000/metrics.json,True,,196608000,1605.601478699944,1754.0332854000153,029f4edc47b421bf7bcd58bfc1d8ed47c748d3dde65ec7d461c490147a2c5dc1,088ef7947e858912c0815cf15812c21cc2e134d1d1603ee34598d15b8a84ce23
student-224x8-mtp2-ema-matrixwd04-s24000-calibrated,calibration,runs/student-224x8-mtp2-ema-matrixwd04-s24000-calibrated/calibration.json,True,,,,11.529563599964604,450af229367551c4ab8c8f9767b2dec25cfaf43097c6961c693bc15a961dea9a,54ec8a4b8d1d17baf88f424163139e6bc4bf93e9cbfd6e4fa5239b573c3d9929
student-224x8-mtp2-ema-matrixwd04-s24000-calibrated,bigram_search,runs/student-224x8-mtp2-ema-matrixwd04-s24000-calibrated/bigram_search.json,True,,,,28.486524100066163,,881aac792fa4f659637e69cdcc86427e98b2a13722a6a861369186b228ddf521
student-224x8-mtp2-s24000-calibrated-bigram-a20-w002,bigram_export,runs/student-224x8-mtp2-s24000-calibrated-bigram-a20-w002/bigram_export.json,True,,,,6.5175753000658005,0c9ad6743e127007f7de3c18b56324544c63fd62a30174de1365ec92604335a4,fab4727beaf9bd86ae98e3497759010d399093fcb66b9f32ef253e43febb33bb
student-224x8-mtp2-wd02-s24000-calibrated-bigram-a5-w002,bigram_export,runs/student-224x8-mtp2-wd02-s24000-calibrated-bigram-a5-w002/bigram_export.json,True,,,,6.556916699977592,23c61bfdf3fd02e612622f639e7346613bef0de4eafa8acd88bbd584c66e1559,ea086e57c936f1953e1fc8f28ddb6a04217ba76ea7bf28fd487f6f1d050f6d3e
student-224x8-mtp2-wd03-s24000-calibrated-bigram-a20-w002,bigram_export,runs/student-224x8-mtp2-wd03-s24000-calibrated-bigram-a20-w002/bigram_export.json,True,,,,7.085994499968365,5ec068dfe4ddd61a27cdec53e4699aa7f11380878582c25f56328fca11be6045,88a793c63651511212a47a93dc8cca211d04ebb80311f6a81efd90b17a216143
student-224x8-mtp2-wd04-s24000-calibrated-bigram-a1-w002,bigram_export,runs/student-224x8-mtp2-wd04-s24000-calibrated-bigram-a1-w002/bigram_export.json,True,,,,7.133011800004169,9208178cc71c8344418f9bd05f60353d37876d11d1363e3d8e133e2ac45f53a0,7aad921ae33fb1099c842a46b6a8e24b399bfd7de6af38cc063f2583130a4eec
student-rope-rmsnorm-swiglu,training,runs/student-rope-rmsnorm-swiglu/metrics.json,True,,9830400,362.08170719997725,399.1512248000363,b205cac97da1f18c862035df2d021af3a413c92dacf3f1682b1f64c38b9abfbe,f4f5cd0a1308d06e2af8d673c545c98a97904447bba4cc3e37bc4f07a746c09b
student-rope-rmsnorm-swiglu-2400,training,runs/student-rope-rmsnorm-swiglu-2400/metrics.json,True,,19660800,1231.8170062000281,1303.4020706999581,bae572028c72afdb73fcfca219823e3c8e57a741df534813258d7c09b28bb1c0,3337e86c45a1941d3adfb6a76c2b11fa30ccbee857ba7bd23dea94e43f56d4b3
wd03-224x8-smoke-codex,training,runs/wd03-224x8-smoke-codex/metrics.json,False,smoke or duplicate legacy directory,163840,2.3359261999139562,19.531095400103368,75c15ab38e53b450bc17b271caaa5c9def0467666e325b9c023db9ce09f6ad23,809dcaf65f23b52b7af21cd4bd9ea2001b6fa6aaf0fccb64947d276c7cdb70f1
wide224-mtp2-smoke-codex,training,runs/wide224-mtp2-smoke-codex/metrics.json,False,smoke or duplicate legacy directory,163840,1.9343828001292422,17.507737200008705,7a26f917dadf29578ea43ca13cd4cc9cc4776cf52d8d208987c676f36d5b2e79,94ed7ae4a53f20e5001b4018d6ce775adad2af3dc3e0bc410c6c13b6e3b97eb3
